{
  "solver": "ACO",
  "overall": {
    "total_cost": 11679.081589963263,
    "waiting_time": 12693.354983209589,
    "cvr": 0.8333333333333334,
    "feasibility": 0.7999999999999999,
    "runtime": 18.478726609547934,
    "robustness": 0.0
  },
  "tsp_tw": {
    "total_cost": 11679.081589963263,
    "waiting_time": 12693.354983209589,
    "cvr": 0.8333333333333334,
    "feasibility": 0.7999999999999999,
    "runtime": 18.478726609547934,
    "robustness": 0.0
  },
  "by_size": {
    "small": {
      "feasibility": 0.7999999999999999,
      "cost": 11679.081589963263,
      "cvr": 0.8333333333333334,
      "runtime": 18.478726609547934
    }
  },
  "detailed": [
    {
      "problem": "tsp_tw_10",
      "size": 10,
      "type": "",
      "metrics": {
        "total_cost": 4257.922498471179,
        "waiting_time": 4331.265658937289,
        "cvr": 1.0,
        "feasibility": 0.9,
        "runtime": 5.635226368904114,
        "robustness": 0.0
      },
      "problem_type": "tsp_tw"
    },
    {
      "problem": "tsp_tw_20",
      "size": 20,
      "type": "",
      "metrics": {
        "total_cost": 8113.049897477287,
        "waiting_time": 9673.060637558234,
        "cvr": 0.5,
        "feasibility": 0.9,
        "runtime": 13.101978731155395,
        "robustness": 0.0
      },
      "problem_type": "tsp_tw"
    },
    {
      "problem": "tsp_tw_50",
      "size": 50,
      "type": "",
      "metrics": {
        "total_cost": 22666.27237394132,
        "waiting_time": 24075.738653133245,
        "cvr": 1.0,
        "feasibility": 0.6,
        "runtime": 36.69897472858429,
        "robustness": 0.0
      },
      "problem_type": "tsp_tw"
    }
  ]
}