{
  "solver": "NN+2opt",
  "overall": {
    "total_cost": 12877.546564246693,
    "waiting_time": 13614.510946514338,
    "cvr": 0.8333333333333334,
    "feasibility": 0.9916666666666666,
    "runtime": 0.000989985466003418,
    "robustness": 0.0
  },
  "tsp_tw": {
    "total_cost": 12877.546564246693,
    "waiting_time": 13614.510946514338,
    "cvr": 0.8333333333333334,
    "feasibility": 0.9916666666666666,
    "runtime": 0.000989985466003418,
    "robustness": 0.0
  },
  "by_size": {
    "small": {
      "feasibility": 0.9916666666666666,
      "cost": 12877.546564246693,
      "cvr": 0.8333333333333334,
      "runtime": 0.000989985466003418
    }
  },
  "detailed": [
    {
      "problem": "tsp_tw_10",
      "size": 10,
      "type": "",
      "metrics": {
        "total_cost": 4813.274211991441,
        "waiting_time": 4849.214122683208,
        "cvr": 1.0,
        "feasibility": 0.99,
        "runtime": 0.000366973876953125,
        "robustness": 0.0
      },
      "problem_type": "tsp_tw"
    },
    {
      "problem": "tsp_tw_20",
      "size": 20,
      "type": "",
      "metrics": {
        "total_cost": 9217.34716055707,
        "waiting_time": 10127.161432480521,
        "cvr": 0.5,
        "feasibility": 0.9949999999999999,
        "runtime": 0.000748586654663086,
        "robustness": 0.0
      },
      "problem_type": "tsp_tw"
    },
    {
      "problem": "tsp_tw_50",
      "size": 50,
      "type": "",
      "metrics": {
        "total_cost": 24602.01832019157,
        "waiting_time": 25867.157284379286,
        "cvr": 1.0,
        "feasibility": 0.9899999999999999,
        "runtime": 0.0018543958663940429,
        "robustness": 0.0
      },
      "problem_type": "tsp_tw"
    }
  ]
}