{
  "solver": "Tabu Search",
  "overall": {
    "total_cost": 4484.994640918281,
    "waiting_time": 3959.610020788064,
    "cvr": 1.0,
    "feasibility": 0.9,
    "runtime": 9.74086081981659,
    "robustness": 0.0
  },
  "tsp_tw": {
    "total_cost": 4484.994640918281,
    "waiting_time": 3959.610020788064,
    "cvr": 1.0,
    "feasibility": 0.9,
    "runtime": 9.74086081981659,
    "robustness": 0.0
  },
  "by_size": {
    "small": {
      "feasibility": 0.9,
      "cost": 4484.994640918281,
      "cvr": 1.0,
      "runtime": 9.74086081981659
    }
  },
  "detailed": [
    {
      "problem": "tsp_tw_10",
      "size": 10,
      "type": "",
      "metrics": {
        "total_cost": 4484.994640918281,
        "waiting_time": 3959.610020788064,
        "cvr": 1.0,
        "feasibility": 0.9,
        "runtime": 9.74086081981659,
        "robustness": 0.0
      },
      "problem_type": "tsp_tw"
    }
  ]
}