{
  "solver": "ACO",
  "overall": {
    "total_cost": 4222.085934629552,
    "waiting_time": 4187.6790852724025,
    "cvr": 1.0,
    "feasibility": 0.9,
    "runtime": 5.626355910301209,
    "robustness": 0.0
  },
  "tsp_tw": {
    "total_cost": 4222.085934629552,
    "waiting_time": 4187.6790852724025,
    "cvr": 1.0,
    "feasibility": 0.9,
    "runtime": 5.626355910301209,
    "robustness": 0.0
  },
  "by_size": {
    "small": {
      "feasibility": 0.9,
      "cost": 4222.085934629552,
      "cvr": 1.0,
      "runtime": 5.626355910301209
    }
  },
  "detailed": [
    {
      "problem": "tsp_tw_10",
      "size": 10,
      "type": "",
      "metrics": {
        "total_cost": 4222.085934629552,
        "waiting_time": 4187.6790852724025,
        "cvr": 1.0,
        "feasibility": 0.9,
        "runtime": 5.626355910301209,
        "robustness": 0.0
      },
      "problem_type": "tsp_tw"
    }
  ]
}