{
  "solver": "OR-Tools",
  "overall": {
    "total_cost": 2227.9424924153836,
    "waiting_time": 949.9028917868478,
    "cvr": 48.0,
    "feasibility": 0.0,
    "runtime": 300.00661690235137,
    "robustness": 0.0
  },
  "tsp_tw": {
    "total_cost": 2227.9424924153836,
    "waiting_time": 949.9028917868478,
    "cvr": 48.0,
    "feasibility": 0.0,
    "runtime": 300.00661690235137,
    "robustness": 0.0
  },
  "by_size": {
    "small": {
      "feasibility": 0.0,
      "cost": 2227.9424924153836,
      "cvr": 48.0,
      "runtime": 300.00661690235137
    }
  },
  "detailed": [
    {
      "problem": "tsp_tw_10",
      "size": 10,
      "type": "",
      "metrics": {
        "total_cost": 2227.9424924153836,
        "waiting_time": 949.9028917868478,
        "cvr": 48.0,
        "feasibility": 0.0,
        "runtime": 300.00661690235137,
        "robustness": 0.0
      },
      "problem_type": "tsp_tw"
    }
  ]
}