{
  "solver": "Tabu Search",
  "overall": {
    "total_cost": 4484.529007595593,
    "waiting_time": 3960.10334151846,
    "cvr": 1.0,
    "feasibility": 0.9,
    "runtime": 9.845044016838074,
    "robustness": 0.0
  },
  "tsp_tw": {
    "total_cost": 4484.529007595593,
    "waiting_time": 3960.10334151846,
    "cvr": 1.0,
    "feasibility": 0.9,
    "runtime": 9.845044016838074,
    "robustness": 0.0
  },
  "by_size": {
    "small": {
      "feasibility": 0.9,
      "cost": 4484.529007595593,
      "cvr": 1.0,
      "runtime": 9.845044016838074
    }
  },
  "detailed": [
    {
      "problem": "tsp_tw_10",
      "size": 10,
      "type": "",
      "metrics": {
        "total_cost": 4484.529007595593,
        "waiting_time": 3960.10334151846,
        "cvr": 1.0,
        "feasibility": 0.9,
        "runtime": 9.845044016838074,
        "robustness": 0.0
      },
      "problem_type": "tsp_tw"
    }
  ]
}